Mutation,"Stability (FoldX5, alphafold, kcal/mol)","Stability (Rosetta Cartddg2020, alphafold, kcal/mol)","Stability (RaSP, alphafold, kcal/mol)","Stability classification, alphafold, (Rosetta, FoldX)","Stability classification, alphafold, (RaSP, FoldX)","Local Int. (Binding with CBFB_AFmulti, heterodimer, FoldX5, kcal/mol)","Local Int. (Binding with CBFB_AFmulti, heterodimer, Rosetta Talaris 2014, kcal/mol)",Local Int. classification (CBFB_AFmulti),Relative Side Chain Solvent Accessibility in wild-type,gnomAD genome allele frequency,gnomAD exome allele frequency,REVEL score,Mutation sources,PTMs,is site part of phospho-SLiM,PTM residue SASA (%),"Change in stability with PTM (FoldX5, kcal/mol)","Change in binding with PTM (FoldX5, kcal/mol)","Change in binding with mutation (FoldX5, kcal/mol)",PTM effect in regulation,PTM effect in stability,PTM effect in function,AlloSigma2 mutation type,AlloSigma2 predicted consequence - active sites,AlloSigma2 predicted consequence - cofactor sites,AlloSigma2 predicted consequence - pockets and interfaces,ClinVar Variation ID,ClinVar Interpretation,ClinVar Review Status,AlphaFold2 model pLDDT score,AlphaFold2 model secondary structure,DeMaSk delta fitness,DeMaSk Shannon entropy,DeMaSk log2 variant frequency,DeMaSk predicted consequence,GEMME Score,EVE score,EVE classification (25% Uncertain),AlphaMissense pathogenicity score,AlphaMissense classification,References
R49C,0.49477,0.32483,6.244536721936435,Neutral,Uncertain,0.12688,-0.02707,Neutral,58.2,,,,mutations_clinvar,,False,58.2,,,,neutral,neutral,neutral,DOWN,neutral,neutral,stabilizing,576717,Uncertain significance,1,73.63,-,-0.3905,0.2854,-21.8538,loss_of_function,-4.59051627158367,2.5679816487103225e-05,Benign,0.5407,ambiguous,https://doi.org/10.1101/2022.10.22.513328
R49H,0.60357,0.35782,6.221163467124044,Neutral,Uncertain,-0.13046,0.11159,Neutral,58.2,,,,mutations_clinvar,,False,58.2,,,,neutral,neutral,neutral,DOWN,neutral,neutral,stabilizing,1421576,Uncertain significance,1,73.63,-,-0.2693,0.2854,-5.7587,loss_of_function,-2.0166488770451,1.0993805968661747e-05,Benign,0.239,benign,https://doi.org/10.1101/2022.10.22.513328
R49P,1.84988,0.03844,6.244397889551185,Neutral,Uncertain,-0.28584,-0.02728,Neutral,58.2,,,,mutations_clinvar,,False,58.2,,,,neutral,neutral,neutral,DOWN,neutral,neutral,stabilizing,2422003,Uncertain significance,1,73.63,-,-0.4559,0.2854,-8.5659,loss_of_function,-5.21762245227481,0.0053544417229454,Benign,0.7822,pathogenic,https://doi.org/10.1101/2022.10.22.513328
M51I,0.64349,0.26667,4.34939570830432,Neutral,Uncertain,0.04618,-0.09484,Neutral,21.8,,,,mutations_clinvar,,True,21.8,,,,neutral,neutral,neutral,-,uncertain,uncertain,uncertain,1061802,Uncertain significance,1,83.75,H,-0.1432,1.0975,-7.5924,loss_of_function,-0.430978418892934,2.0176742079485487e-09,Benign,0.6019,pathogenic,https://doi.org/10.1101/2022.10.22.513328
M51L,0.01443,0.36531,4.191973304248891,Neutral,Uncertain,0.1536,-0.00663,Neutral,21.8,,,,mutations_clinvar,,True,21.8,,,,neutral,neutral,neutral,-,uncertain,uncertain,uncertain,239046,Uncertain significance,1,83.75,H,-0.0892,1.0975,-3.4632,loss_of_function,-1.08466102827133,2.2871109454971763e-14,Benign,0.2257,benign,https://doi.org/10.1101/2022.10.22.513328
M51T,2.04031,1.32993,4.574774826650293,Uncertain,Uncertain,1.1968,0.27671,Uncertain,21.8,,,,mutations_clinvar,,True,21.8,,,,neutral,neutral,neutral,DOWN,neutral,neutral,neutral,859484,Uncertain significance,1,83.75,H,-0.1941,1.0975,-7.0075,loss_of_function,-2.46108842407928,2.3937240684301676e-11,Benign,0.5296,ambiguous,https://doi.org/10.1101/2022.10.22.513328
M51V,1.45274,0.43605,4.319010230787177,Neutral,Uncertain,0.03388,-0.07584,Neutral,21.8,,,,mutations_clinvar,,True,21.8,,,,neutral,neutral,neutral,DOWN,neutral,neutral,neutral,1036138,Uncertain significance,1,83.75,H,-0.1537,1.0975,-3.3445,loss_of_function,-0.912332105727306,1.0298781487929703e-16,Benign,0.0829,benign,https://doi.org/10.1101/2022.10.22.513328
V52A,-0.35195,0.14558,4.914992409921975,Neutral,Uncertain,-0.0128,-0.12394,Neutral,92.1,,,,mutations_clinvar,,True,92.1,,,,neutral,neutral,neutral,DOWN,neutral,neutral,neutral,1481257,Uncertain significance,1,87.33,H,-0.1352,1.2932,-3.2705,loss_of_function,-1.16944268016135,7.416911775185066e-11,Benign,0.2112,benign,https://doi.org/10.1101/2022.10.22.513328
V52E,-1.54631,-0.6881,5.011773567130671,Neutral,Uncertain,-0.07372,-0.00406,Neutral,92.1,,,,mutations_clinvar,,True,92.1,,,,neutral,neutral,neutral,-,uncertain,uncertain,uncertain,860545,Uncertain significance,1,87.33,H,-0.3541,1.2932,-21.8802,loss_of_function,-2.80738138987086,1.78480424764826e-05,Benign,0.6579,pathogenic,https://doi.org/10.1101/2022.10.22.513328
E53A,0.70046,0.6898,5.699003382866393,Neutral,Uncertain,0.08662,0.10255,Neutral,74.1,,,,mutations_clinvar,,True,74.1,,,,neutral,neutral,neutral,DOWN,neutral,neutral,neutral,658195,Uncertain significance,1,87.14,H,-0.163,0.9573,-8.5961,loss_of_function,-3.29040956300269,3.874513782261905e-06,Benign,0.6112,pathogenic,https://doi.org/10.1101/2022.10.22.513328
V54A,1.33066,-0.6517,3.252021377577988,Neutral,Uncertain,-0.06736,-0.13657,Neutral,9.4,,,,mutations_clinvar,,True,9.4,,,,neutral,neutral,neutral,DOWN,neutral,neutral,neutral,1024911,Uncertain significance,1,85.93,H,-0.125,1.4487,-4.0726,loss_of_function,-2.21240933103859,1.803199622370554e-12,Benign,0.8312,pathogenic,https://doi.org/10.1101/2022.10.22.513328
L55Q,1.37646,1.14626,5.897425330448529,Neutral,Uncertain,-0.00266,-0.18213,Neutral,24.2,,,,mutations_clinvar,,True,24.2,,,,neutral,neutral,neutral,DOWN,neutral,neutral,neutral,1482816,Uncertain significance,1,86.13,H,-0.2441,1.2328,-6.0224,loss_of_function,-2.20604666967261,9.231526705776288e-07,Benign,0.946,pathogenic,https://doi.org/10.1101/2022.10.22.513328
A56V,0.53725,0.43231,5.331973076910478,Neutral,Uncertain,,,Uncertain,76.5,,,,mutations_clinvar,,True,76.5,,,,neutral,neutral,neutral,UP,neutral,neutral,neutral,1898434,Uncertain significance,1,83.75,H,-0.2013,1.1438,-21.8951,loss_of_function,-3.50858938930369,3.839614413517587e-05,Benign,0.4207,ambiguous,https://doi.org/10.1101/2022.10.22.513328
D57E,-0.6784,-0.18844,9.791714154294926,Neutral,Uncertain,,,Uncertain,72.3,,,,mutations_clinvar,,True,72.3,,,,neutral,neutral,neutral,UP,neutral,neutral,neutral,1337164,Uncertain significance,2,85.11,H,-0.1405,0.6107,-3.2535,loss_of_function,-0.726458673580845,3.1954779750857825e-12,Benign,0.4787,ambiguous,https://doi.org/10.1101/2022.10.22.513328
D57G,-0.40927,0.75136,9.414743595248638,Neutral,Uncertain,,,Uncertain,72.3,,,,mutations_clinvar,,True,72.3,,,,neutral,neutral,neutral,DOWN,neutral,neutral,neutral,1722136,Uncertain significance,1,85.11,H,-0.3019,0.6107,-21.8987,loss_of_function,-6.40908311306579,0.0338510581289516,Benign,0.875,pathogenic,https://doi.org/10.1101/2022.10.22.513328
H58N,0.93455,0.77789,6.625331451859556,Neutral,Uncertain,,,Uncertain,51.1,,,,mutations_clinvar,,False,51.1,,,,neutral,neutral,neutral,DOWN,neutral,neutral,destabilizing,14469,Likely benign,3,83.82,S,-0.1847,0.4831,-7.611,loss_of_function,-2.39411281712212,0.0008961851140912,Benign,0.7224,pathogenic,https://doi.org/10.1101/2022.10.22.513328
H58Y,0.46182,-0.14116,6.4116321489820205,Neutral,Uncertain,,,Uncertain,51.1,,,,mutations_clinvar,,False,51.1,,,,neutral,neutral,neutral,UP,neutral,neutral,neutral,1432362,Uncertain significance,1,83.82,S,-0.1354,0.4831,-4.8037,loss_of_function,-2.22553566623301,2.8641739877614376e-10,Benign,0.6602,pathogenic,https://doi.org/10.1101/2022.10.22.513328
P59A,0.89719,1.64932,4.78142414399305,Neutral,Uncertain,,,Uncertain,72.4,,,,mutations_clinvar,,False,72.4,,,,neutral,neutral,neutral,DOWN,neutral,neutral,destabilizing,1003438,Uncertain significance,1,83.55,T,-0.1627,0.7279,-3.0298,loss_of_function,-0.552353658712057,3.7341679465457433e-14,Benign,0.1431,benign,https://doi.org/10.1101/2022.10.22.513328
P59L,0.43382,1.69116,4.7396022044910735,Neutral,Uncertain,,,Uncertain,72.4,,,,mutations_clinvar,,False,72.4,,,,neutral,neutral,neutral,UP,neutral,neutral,neutral,1450492,Uncertain significance,1,83.55,T,-0.3077,0.7279,-21.9024,loss_of_function,-5.75719636347579,0.1074254388496472,Benign,0.7419,pathogenic,https://doi.org/10.1101/2022.10.22.513328
G60C,2.56457,2.62415,7.415132116165082,Uncertain,Uncertain,,,Uncertain,107.9,,,,mutations_clinvar,,False,107.9,,,,neutral,neutral,neutral,UP,neutral,neutral,neutral,436618,Uncertain significance,3,85.49,T,-0.3322,1.1899,-21.9024,loss_of_function,-3.57272196585668,0.0254180010876934,Benign,0.8192,pathogenic,https://doi.org/10.1101/2022.10.22.513328
G60N,2.18992,1.13129,7.647119881077127,Uncertain,Uncertain,,,Uncertain,107.9,,,,mutations_clinvar,,False,107.9,,,,neutral,neutral,neutral,UP,neutral,neutral,neutral,1422929,Uncertain significance,1,85.49,T,-0.333,1.1899,-21.9024,loss_of_function,-3.99646644075811,3.876315168544447e-05,Benign,0.8419,pathogenic,https://doi.org/10.1101/2022.10.22.513328
E61D,0.60146,1.10918,4.059627476400735,Neutral,Uncertain,,,Uncertain,28.4,,,,mutations_clinvar,,False,28.4,,,,neutral,neutral,neutral,DOWN,neutral,neutral,destabilizing,"665375, 639328","Uncertain significance, Uncertain significance","1, 1",94.03,T,-0.1992,0.1921,-8.6219,loss_of_function,-2.90591598819392,3.6628629577374975e-06,Benign,0.957,pathogenic,https://doi.org/10.1101/2022.10.22.513328
E61Q,0.15273,0.44422,3.63971588776122,Neutral,Uncertain,,,Uncertain,28.4,,,,mutations_clinvar,,False,28.4,,,,neutral,neutral,neutral,UP,neutral,neutral,neutral,658039,Uncertain significance,1,94.03,T,-0.2738,0.1921,-21.9098,loss_of_function,-4.04584623259652,0.0281478059535016,Benign,0.9729,pathogenic,https://doi.org/10.1101/2022.10.22.513328
V63M,0.59947,1.65034,5.121290765063444,Neutral,Uncertain,,,Uncertain,37.6,,,,mutations_clinvar,,False,37.6,,,,neutral,neutral,neutral,UP,neutral,neutral,neutral,946753,Uncertain significance,1,96.28,E,-0.2421,0.4227,-6.622,loss_of_function,-0.818133539641056,9.121613838367444e-05,Benign,0.9656,pathogenic,https://doi.org/10.1101/2022.10.22.513328
D66G,1.57796,1.58129,6.65968325527779,Neutral,Uncertain,0.1338,0.18891,Neutral,56.0,,,,mutations_clinvar,,True,56.0,,,,neutral,neutral,neutral,DOWN,neutral,neutral,stabilizing,1516563,Uncertain significance,1,97.38,S,-0.2099,0.6166,-3.9819,loss_of_function,-1.8643598572782,1.9597693082911272e-06,Benign,0.9786,pathogenic,https://doi.org/10.1101/2022.10.22.513328
D66N,1.16097,0.47823,6.680826297359126,Neutral,Uncertain,-0.20984,0.15731,Neutral,56.0,,0.0,0.798,cBioPortal,,True,56.0,,,,neutral,neutral,neutral,-,uncertain,uncertain,uncertain,,,,97.38,S,-0.257,0.6166,-21.9134,loss_of_function,-2.9203692868468,0.3576920956826898,Uncertain,0.9758,pathogenic,https://doi.org/10.1101/2022.10.22.513328
S67I,0.36405,-0.54932,7.111479681872166,Neutral,Uncertain,-0.69158,0.38851,Neutral,20.5,,,0.964,cBioPortal,P,True,20.5,2.04,,,damaging,uncertain,potentially_damaging,UP,neutral,neutral,neutral,,,,96.46,S,-0.3507,0.1018,-21.9171,loss_of_function,-6.3715246683712,0.9698854884377672,Pathogenic,0.9991,pathogenic,https://doi.org/10.1101/2022.10.22.513328
S67R,-2.28676,0.57653,7.159768731415241,Uncertain,Uncertain,3.41722,0.73617,Uncertain,20.5,,,,mutations_clinvar,P,True,20.5,2.04,,,damaging,uncertain,potentially_damaging,UP,neutral,neutral,neutral,389962,Uncertain significance,1,96.46,S,-0.2955,0.1018,-8.6292,loss_of_function,-6.60151090288099,0.9985504691481863,Pathogenic,0.9998,pathogenic,https://doi.org/10.1101/2022.10.22.513328
P68S,0.97344,0.32041,4.3834980444154565,Neutral,Uncertain,1.80638,1.11773,Destabilizing,76.4,,,,mutations_clinvar,,True,76.4,,,,neutral,neutral,neutral,DOWN,neutral,neutral,neutral,839054,Uncertain significance,1,95.0,T,-0.3234,0.0256,-21.9134,loss_of_function,-6.81130401886374,0.9995659990452048,Pathogenic,0.9921,pathogenic,https://doi.org/10.1101/2022.10.22.513328
N69S,1.32872,0.92551,7.176978402352949,Neutral,Uncertain,-0.4593,0.32598,Neutral,62.0,,,,mutations_clinvar,,True,62.0,,,,neutral,neutral,neutral,DOWN,neutral,neutral,neutral,660789,Uncertain significance,1,95.9,T,-0.1845,0.3583,-6.3038,loss_of_function,-2.20845569412944,0.0017456179128524,Benign,0.2343,benign,https://doi.org/10.1101/2022.10.22.513328
L71M,1.41285,1.29864,3.415017389602964,Neutral,Uncertain,0.13912,0.00895,Neutral,0.0,,,0.467,COSMIC,,False,0.0,,,,neutral,neutral,neutral,-,uncertain,uncertain,uncertain,,,,97.61,E,-0.2613,0.5869,-21.9171,loss_of_function,-2.76925709746736,0.0002603052212614,Benign,0.8791,pathogenic,https://doi.org/10.1101/2022.10.22.513328
C72Y,11.59453,7.35,4.171248891788852,Destabilizing,Destabilizing,,,,0.0,,,,mutations_clinvar,,False,0.0,,,,neutral,neutral,neutral,UP,neutral,neutral,neutral,1321699,Uncertain significance,1,97.92,E,-0.4872,0.0762,-21.9207,loss_of_function,-7.1939514075805,0.996848341750772,Pathogenic,1.0,pathogenic,https://doi.org/10.1101/2022.10.22.513328
S73T,-0.98931,-0.14048,1.2171910360685958,Neutral,Neutral,,,,1.8,,,0.794,cBioPortal,,False,1.8,,,,neutral,,,UP,neutral,neutral,neutral,,,,98.09,E,-0.1603,0.2949,-5.8256,loss_of_function,-2.55349591913772,1.499021592245626e-07,Benign,0.7137,pathogenic,https://doi.org/10.1101/2022.10.22.513328
V74M,-0.24162,0.50034,3.232468119099934,Neutral,Uncertain,,,Uncertain,49.3,,,,mutations_clinvar,,False,49.3,,,,neutral,neutral,neutral,UP,neutral,neutral,neutral,1493649,Uncertain significance,1,97.85,-,-0.2413,0.4555,-7.048,loss_of_function,-0.853960254394394,0.0053719305360564,Benign,0.6732,pathogenic,https://doi.org/10.1101/2022.10.22.513328
L75Q,3.20766,3.29422,5.767693863790507,Destabilizing,Destabilizing,,,,1.8,,,,mutations_clinvar,,False,1.8,,,,neutral,neutral,neutral,DOWN,neutral,neutral,neutral,561232,Uncertain significance,1,98.43,-,-0.4238,0.1621,-21.9243,loss_of_function,-7.20947927915626,0.9988370747506328,Pathogenic,0.9999,pathogenic,https://doi.org/10.1101/2022.10.22.513328
T77A,-0.28043,-0.11769,5.266811499990007,Neutral,Uncertain,,,Uncertain,105.0,,,,mutations_clinvar,,False,105.0,,,,uncertain,,,DOWN,neutral,neutral,neutral,2073628,Uncertain significance,1,98.14,S,-0.1999,1.3175,-21.9171,loss_of_function,-2.08344887121267,1.3743886777140858e-13,Benign,0.1756,benign,https://doi.org/10.1101/2022.10.22.513328
H78P,2.77678,5.63027,2.17978179189208,Uncertain,Uncertain,,,Uncertain,27.9,,,,mutations_clinvar,,False,27.9,,,,neutral,neutral,neutral,DOWN,neutral,neutral,neutral,561233,Likely pathogenic,3,98.7,E,-0.3774,0.1465,-8.6401,loss_of_function,-7.19434168314521,0.9993634727508992,Pathogenic,0.9986,pathogenic,https://doi.org/10.1101/2022.10.22.513328
H78Q,1.43704,0.46122,2.2368772600528244,Neutral,Uncertain,,,Uncertain,27.9,,,0.901,"cBioPortal,mutations_clinvar",,False,27.9,,,,neutral,neutral,neutral,DOWN,neutral,neutral,neutral,666274,Likely pathogenic,3,98.7,E,-0.2502,0.1465,-21.928,loss_of_function,-7.19434168314521,0.999354457883785,Pathogenic,0.9999,pathogenic,https://doi.org/10.1101/2022.10.22.513328
W79R,3.19805,4.30272,4.950723668578125,Destabilizing,Destabilizing,,,,16.2,,,,mutations_clinvar,,False,16.2,,,,neutral,neutral,neutral,DOWN,neutral,neutral,neutral,"1045299, 436617","Uncertain significance, Likely pathogenic","1, 3",98.72,E,-0.4798,0.1216,-8.6365,loss_of_function,-7.19408154629565,0.9990939696992628,Pathogenic,1.0,pathogenic,https://doi.org/10.1101/2022.10.22.513328
R80C,-0.01015,1.17619,1.834272620165298,Neutral,Neutral,,,Uncertain,60.3,,,,mutations_clinvar,,True,60.3,,,,neutral,neutral,neutral,DOWN,neutral,neutral,neutral,1338536,Conflicting interpretations of pathogenicity,1,98.61,E,-0.4025,0.1595,-21.9316,loss_of_function,-7.20947927915626,0.99972699863361,Pathogenic,1.0,pathogenic,https://doi.org/10.1101/2022.10.22.513328
R80H,2.24836,1.77789,1.94640750928876,Uncertain,Uncertain,,,Uncertain,60.3,,,,mutations_clinvar,,True,60.3,,,,neutral,neutral,neutral,DOWN,neutral,neutral,neutral,812740,Likely pathogenic,3,98.61,E,-0.3634,0.1595,-21.9316,loss_of_function,-7.20947927915626,0.9997411936387242,Pathogenic,0.9999,pathogenic,https://doi.org/10.1101/2022.10.22.513328
R80S,0.60064,1.45034,2.0366101384646287,Neutral,Uncertain,,,Uncertain,60.3,,,,mutations_clinvar,,True,60.3,,,,neutral,neutral,neutral,DOWN,neutral,neutral,neutral,856798,Uncertain significance,1,98.61,E,-0.3213,0.1595,-7.6438,loss_of_function,-7.20947927915626,0.9996509450703864,Pathogenic,0.9999,pathogenic,https://doi.org/10.1101/2022.10.22.513328
C81S,0.02565,0.28197,3.125547203899396,Neutral,Uncertain,,,Uncertain,23.5,,,,mutations_clinvar,,True,23.5,,,,neutral,neutral,neutral,DOWN,neutral,neutral,stabilizing,1012038,Uncertain significance,3,98.55,T,-0.3401,0.5414,-3.9434,loss_of_function,-2.67441039395508,5.053940846894835e-06,Benign,0.9937,pathogenic,https://doi.org/10.1101/2022.10.22.513328
N82S,0.22282,1.35612,6.6433804681281305,Neutral,Uncertain,,,Uncertain,55.2,3.18694626809e-05,,0.834,cBioPortal,,True,55.2,,,,neutral,neutral,neutral,DOWN,neutral,neutral,stabilizing,,,,98.59,T,-0.2101,0.2098,-8.6437,loss_of_function,-6.9124483441424,0.9993094077560256,Pathogenic,0.9946,pathogenic,https://doi.org/10.1101/2022.10.22.513328
K83E,0.31282,0.25374,6.5528054096968,Neutral,Uncertain,,,Uncertain,56.6,,,,mutations_clinvar,,True,56.6,,,,neutral,neutral,neutral,DOWN,neutral,neutral,neutral,14465,Pathogenic,3,98.47,-,-0.2595,0.1462,-7.6438,loss_of_function,-6.93474904521928,0.9992945747170978,Pathogenic,1.0,pathogenic,https://doi.org/10.1101/2022.10.22.513328
K83N,0.26693,0.68061,6.694712551382153,Neutral,Uncertain,,,Uncertain,56.6,,,0.884,"cBioPortal,mutations_clinvar",,True,56.6,,,,neutral,neutral,neutral,DOWN,neutral,neutral,neutral,"1518631, 561234","Likely pathogenic, Pathogenic","1, 1",98.47,-,-0.3257,0.1462,-21.9316,loss_of_function,-6.93474904521928,0.9993527541678038,Pathogenic,1.0,pathogenic,https://doi.org/10.1101/2022.10.22.513328
T84A,0.74214,0.52211,4.570506411969471,Neutral,Uncertain,,,Uncertain,57.4,,,,mutations_clinvar,,True,57.4,,,,uncertain,,,DOWN,neutral,neutral,neutral,532671,Uncertain significance,3,98.54,-,-0.2877,0.3643,-21.9352,loss_of_function,-2.85781907216211,0.0029079424172526,Benign,0.997,pathogenic,https://doi.org/10.1101/2022.10.22.513328
T84I,0.87782,1.04252,4.466664513565178,Neutral,Uncertain,,,Uncertain,57.4,,,,mutations_clinvar,,True,57.4,,,,uncertain,,,UP,neutral,neutral,neutral,971877,Uncertain significance,1,98.54,-,-0.3136,0.3643,-21.9352,loss_of_function,-6.52840542159003,0.6177395740784677,Uncertain,0.9999,pathogenic,https://doi.org/10.1101/2022.10.22.513328
T84P,-1.19579,-0.44286,4.441194260954349,Neutral,Uncertain,,,Uncertain,57.4,,,,mutations_clinvar,,True,57.4,,,,uncertain,,,-,uncertain,uncertain,uncertain,1065582,Uncertain significance,1,98.54,-,-0.3842,0.3643,-8.6473,loss_of_function,-6.52840542159003,0.9933221951379054,Pathogenic,0.9981,pathogenic,https://doi.org/10.1101/2022.10.22.513328
L85Q,3.67871,2.97177,8.276041613511318,Uncertain,Destabilizing,,,,3.1,,,0.978,"cBioPortal,mutations_clinvar",,True,3.1,,,,neutral,neutral,neutral,DOWN,neutral,neutral,destabilizing,1684419,Uncertain significance,0,98.46,-,-0.3571,0.1506,-8.6509,loss_of_function,-7.18594784653422,0.9993994425076048,Pathogenic,1.0,pathogenic,https://doi.org/10.1101/2022.10.22.513328
P86L,1.8756,0.7881,6.452486740958697,Neutral,Uncertain,,,Uncertain,45.8,,,0.854,cBioPortal,,True,45.8,,,,neutral,neutral,neutral,UP,neutral,neutral,neutral,,,,97.2,S,-0.3592,0.1707,-21.9388,loss_of_function,-6.68265933479658,0.999257367492767,Pathogenic,0.9994,pathogenic,https://doi.org/10.1101/2022.10.22.513328
P86T,2.59595,1.19422,6.022709157081809,Uncertain,Uncertain,,,Uncertain,45.8,,,,mutations_clinvar,,True,45.8,,,,neutral,neutral,neutral,-,uncertain,uncertain,uncertain,1315930,Uncertain significance,1,97.2,S,-0.3223,0.1707,-21.9388,loss_of_function,-7.18250162964197,0.9993591297423874,Pathogenic,0.9998,pathogenic,https://doi.org/10.1101/2022.10.22.513328
I87V,1.03046,0.64422,3.58422350829997,Neutral,Uncertain,,,Uncertain,60.8,,,,mutations_clinvar,,True,60.8,,,,neutral,neutral,neutral,DOWN,neutral,neutral,neutral,1491076,Uncertain significance,1,95.42,S,-0.0458,1.2585,-0.6823,loss_of_function,-0.15370740793439,1.8366428133574236e-22,Benign,0.1393,benign,https://doi.org/10.1101/2022.10.22.513328
A88V,-0.02461,-0.34762,3.716129925802998,Neutral,Uncertain,,,Uncertain,37.0,,,0.945,cBioPortal,,True,37.0,,,,neutral,neutral,neutral,UP,neutral,neutral,neutral,,,,96.7,-,-0.1914,0.5174,-8.6652,loss_of_function,-5.81360050496114,0.1132071186122136,Benign,0.9981,pathogenic,https://doi.org/10.1101/2022.10.22.513328
F89L,1.69181,2.72857,3.3026809749052224,Uncertain,Uncertain,,,,0.2,,,0.916,cBioPortal,,False,0.2,,,,neutral,neutral,neutral,DOWN,neutral,neutral,destabilizing,,,,98.52,-,-0.254,0.3492,-8.6829,loss_of_function,-7.21543111004296,0.9989172223725618,Pathogenic,1.0,pathogenic,https://doi.org/10.1101/2022.10.22.513328
K90E,0.21787,0.50306,5.047965248256974,Neutral,Uncertain,,,Uncertain,27.5,,,,mutations_clinvar,,True,27.5,,,,neutral,neutral,neutral,DOWN,neutral,neutral,neutral,1438740,Uncertain significance,1,98.14,E,-0.231,0.4038,-6.7108,loss_of_function,-3.72537862469955,0.6079082490092317,Uncertain,0.9995,pathogenic,https://doi.org/10.1101/2022.10.22.513328
V91A,3.38762,3.31837,-3.0652973047175647,Destabilizing,Uncertain,,,,0.0,,,0.958,cBioPortal,,True,0.0,,,,neutral,neutral,neutral,DOWN,neutral,neutral,neutral,,,,98.25,E,-0.3278,0.2417,-22.0559,loss_of_function,-7.2644920850273,0.998639011076306,Pathogenic,0.9969,pathogenic,https://doi.org/10.1101/2022.10.22.513328
V91L,0.22237,1.34762,-3.265849377659133,Neutral,Uncertain,,,,0.0,,,,mutations_clinvar,,True,0.0,,,,neutral,neutral,neutral,UP,neutral,neutral,neutral,1439732,Uncertain significance,1,98.25,E,-0.2488,0.2417,-6.4462,loss_of_function,-1.08347448953021,0.0822076360714302,Benign,0.9925,pathogenic,https://doi.org/10.1101/2022.10.22.513328
V92A,3.16878,2.86973,3.243255907417693,Uncertain,Destabilizing,-0.00738,-0.14691,Neutral,5.7,,,,mutations_clinvar,,True,5.7,,,,neutral,neutral,neutral,DOWN,neutral,neutral,neutral,1514344,Uncertain significance,1,97.41,E,-0.3341,0.173,-22.0559,loss_of_function,-3.02959691580604,0.9820508436095708,Pathogenic,0.9884,pathogenic,https://doi.org/10.1101/2022.10.22.513328
V92M,-0.03515,1.71633,2.912758856125844,Neutral,Uncertain,0.0,0.09256,Neutral,5.7,,,,mutations_clinvar,,True,5.7,,,,neutral,neutral,neutral,UP,neutral,neutral,neutral,1064169,Uncertain significance,1,97.41,E,-0.276,0.173,-8.768,loss_of_function,-4.0477643770709,0.3032316085207699,Benign,0.9688,pathogenic,https://doi.org/10.1101/2022.10.22.513328
A93T,2.49335,2.05918,7.188783832049308,Uncertain,Uncertain,-0.12448,0.04495,Neutral,0.7,,,,mutations_clinvar,,True,0.7,,,,neutral,neutral,neutral,UP,neutral,neutral,neutral,1057975,Uncertain significance,1,97.13,E,-0.1737,0.5364,-4.9608,loss_of_function,-0.794408906029428,0.000538759899649,Benign,0.7474,pathogenic,https://doi.org/10.1101/2022.10.22.513328
L94I,1.73537,2.05272,9.247684171381858,Uncertain,Uncertain,0.5452,-0.08803,Neutral,6.6,,,,mutations_clinvar,,True,6.6,,,,neutral,neutral,neutral,-,uncertain,uncertain,uncertain,1363734,Uncertain significance,1,95.58,S,-0.2808,0.1296,-22.0559,loss_of_function,-4.40741646601809,0.9968272774481728,Pathogenic,0.6647,pathogenic,https://doi.org/10.1101/2022.10.22.513328
L94V,2.62822,2.60816,8.965592991874601,Uncertain,Uncertain,0.18324,0.28045,Neutral,6.6,,,,mutations_clinvar,,True,6.6,,,,neutral,neutral,neutral,DOWN,neutral,neutral,stabilizing,2088789,Uncertain significance,1,95.58,S,-0.2411,0.1296,-7.1832,loss_of_function,-1.01456614266907,0.0003559980384631,Benign,0.6136,pathogenic,https://doi.org/10.1101/2022.10.22.513328
G95R,-0.42962,1.62109,7.386591885804115,Neutral,Uncertain,1.7749,0.13547,Uncertain,111.6,,,0.954,cBioPortal,,True,111.6,,,,neutral,neutral,neutral,UP,neutral,neutral,neutral,,,,92.67,S,-0.4433,0.1739,-22.0559,loss_of_function,-5.83288861640552,0.2293266024349528,Benign,0.9957,pathogenic,https://doi.org/10.1101/2022.10.22.513328
D96E,-0.18952,-0.32687,2.738701191798774,Neutral,Uncertain,0.01246,0.0701,Neutral,113.1,,,,mutations_clinvar,,True,113.1,,,,neutral,neutral,neutral,UP,neutral,neutral,neutral,463993,Uncertain significance,1,94.37,-,-0.0873,1.0791,-1.2604,loss_of_function,-0.0718597495240405,8.183066949550807e-13,Benign,0.1779,benign,https://doi.org/10.1101/2022.10.22.513328
D96G,0.31193,1.12313,2.605959520916166,Neutral,Uncertain,0.23444,-0.1036,Neutral,113.1,,,,mutations_clinvar,,True,113.1,,,,neutral,neutral,neutral,DOWN,neutral,neutral,neutral,967043,Uncertain significance,1,94.37,-,-0.1867,1.0791,-7.7681,loss_of_function,-3.15490839928319,1.0852531721831681e-07,Benign,0.7096,pathogenic,https://doi.org/10.1101/2022.10.22.513328
D96H,-0.20591,-0.25952,2.8632590905628845,Neutral,Uncertain,0.24378,0.11993,Neutral,113.1,,,,mutations_clinvar,,True,113.1,,,,neutral,neutral,neutral,UP,neutral,neutral,neutral,429813,Uncertain significance,3,94.37,-,-0.19,1.0791,-8.768,loss_of_function,-5.58455368690808,0.0510031026597219,Benign,0.8915,pathogenic,https://doi.org/10.1101/2022.10.22.513328
D96N,-0.06737,-0.10816,3.0590924117625105,Neutral,Uncertain,0.23732,-0.10597,Neutral,113.1,,,,mutations_clinvar,,True,113.1,,,,neutral,neutral,neutral,-,uncertain,uncertain,uncertain,861043,Uncertain significance,3,94.37,-,-0.2152,1.0791,-22.0559,loss_of_function,-3.2121348436851,0.001105621205327,Benign,0.378,ambiguous,https://doi.org/10.1101/2022.10.22.513328
P98S,1.96718,1.42551,4.8080765946484405,Neutral,Uncertain,0.0004,-0.13464,Neutral,76.3,,,,mutations_clinvar,,False,76.3,,,,neutral,neutral,neutral,DOWN,neutral,neutral,stabilizing,1042743,Uncertain significance,1,97.79,-,-0.1688,0.7777,-5.1832,loss_of_function,-1.74435018608231,1.4188451072453676e-07,Benign,0.1896,benign,https://doi.org/10.1101/2022.10.22.513328
D99E,0.31385,1.30816,4.135217684558003,Neutral,Uncertain,,,Uncertain,56.3,,,,mutations_clinvar,,False,56.3,,,,neutral,neutral,neutral,UP,neutral,neutral,neutral,1021717,Uncertain significance,1,98.25,T,-0.2905,0.0235,-22.0559,loss_of_function,-1.01504088660498,0.70824361484256,Pathogenic,0.9628,pathogenic,https://doi.org/10.1101/2022.10.22.513328
G100V,4.3314,5.42653,4.176532362041812,Destabilizing,Destabilizing,0.0,0.02525,Neutral,88.8,,,,mutations_clinvar,,False,88.8,,,,neutral,neutral,neutral,UP,neutral,neutral,neutral,1392067,Uncertain significance,1,98.4,T,-0.4673,0.0236,-22.0526,loss_of_function,-7.44676336019746,0.9989927834190402,Pathogenic,0.9967,pathogenic,https://doi.org/10.1101/2022.10.22.513328
L102P,-0.18392,-0.05782,6.720289605795906,Neutral,Uncertain,0.11164,-0.12347,Neutral,65.3,,,0.939,cBioPortal,,True,65.3,,,,neutral,neutral,neutral,DOWN,neutral,neutral,neutral,,,,98.72,E,-0.3007,1.3953,-7.7648,loss_of_function,-3.15930567827927,1.1324813768852936e-07,Benign,0.8272,pathogenic,https://doi.org/10.1101/2022.10.22.513328
L102R,0.1321,0.04558,7.051478166010677,Neutral,Uncertain,0.11286,-0.02286,Neutral,65.3,,,,COSMIC,,True,65.3,,,,neutral,neutral,neutral,UP,neutral,neutral,neutral,,,,98.72,E,-0.3704,1.3953,-22.0526,loss_of_function,-3.05079962396112,4.76484440274527e-07,Benign,0.8584,pathogenic,https://doi.org/10.1101/2022.10.22.513328
V103D,6.44976,5.15748,-1.680749586678038,Destabilizing,Uncertain,-0.0813,-0.19454,Neutral,0.0,,,,mutations_clinvar,,True,0.0,,,,neutral,neutral,neutral,DOWN,neutral,neutral,neutral,1684453,Likely pathogenic,0,98.86,E,-0.5166,0.0001,-22.0526,loss_of_function,-7.5217211640048,0.9995525415632752,Pathogenic,1.0,pathogenic,https://doi.org/10.1101/2022.10.22.513328
T104A,1.19966,0.27075,5.788363245461352,Neutral,Uncertain,0.08028,0.02498,Neutral,33.7,,,,mutations_clinvar,,True,33.7,,,,uncertain,,,DOWN,neutral,neutral,neutral,463994,Uncertain significance,3,98.82,E,-0.2342,0.2155,-8.7647,loss_of_function,-3.23015439556522,0.0026554841925256,Benign,0.9258,pathogenic,https://doi.org/10.1101/2022.10.22.513328
T104R,-0.62958,,6.190631887526303,,Uncertain,0.04982,,Uncertain,33.7,,,0.794,cBioPortal,,True,33.7,,,,uncertain,,,UP,neutral,neutral,neutral,,,,98.82,E,-0.3879,0.2155,-22.0526,loss_of_function,-5.90123835998918,0.330494353553905,Uncertain,0.9953,pathogenic,https://doi.org/10.1101/2022.10.22.513328
A107P,0.45872,3.90102,3.293623506886897,Uncertain,Uncertain,-0.1848,0.04279,Neutral,0.0,,,,mutations_clinvar,,True,0.0,,,,neutral,neutral,neutral,UP,neutral,neutral,neutral,14468,Pathogenic,3,98.84,E,-0.4612,0.0001,-22.0724,loss_of_function,-7.29122178323338,0.999066727311042,Pathogenic,0.9997,pathogenic,https://doi.org/10.1101/2022.10.22.513328
A107V,-1.42241,1.17211,3.794133070742125,Neutral,Uncertain,0.1172,-0.19678,Neutral,0.0,,,,mutations_clinvar,,True,0.0,,,,neutral,neutral,neutral,UP,neutral,neutral,neutral,1484777,Uncertain significance,1,98.84,E,-0.3074,0.0001,-22.0724,loss_of_function,-7.29122178323338,0.5788918605114608,Uncertain,0.9988,pathogenic,https://doi.org/10.1101/2022.10.22.513328
G108D,1.69763,0.77959,5.204315982750592,Neutral,Uncertain,14.99878,2.34203,Destabilizing,24.5,,,0.967,cBioPortal,,False,24.5,,,,neutral,neutral,neutral,UP,neutral,neutral,neutral,,,,98.63,E,-0.4409,0.0233,-22.0724,loss_of_function,-7.58114978373753,0.9997185263491284,Pathogenic,1.0,pathogenic,https://doi.org/10.1101/2022.10.22.513328
G108S,0.71636,-0.25782,5.209290448675553,Neutral,Uncertain,7.96476,1.8247,Destabilizing,24.5,,,,mutations_clinvar,,False,24.5,,,,neutral,neutral,neutral,UP,neutral,neutral,neutral,988857,Uncertain significance,3,98.63,E,-0.3866,0.0233,-22.0724,loss_of_function,-7.58114978373753,0.9997211435570764,Pathogenic,0.9991,pathogenic,https://doi.org/10.1101/2022.10.22.513328
N109D,2.1952,2.82007,3.0962692232258373,Uncertain,Uncertain,0.20428,0.11888,Neutral,19.9,,,0.910,cBioPortal,,False,19.9,,,,neutral,neutral,neutral,-,uncertain,uncertain,uncertain,,,,98.52,-,-0.327,0.0465,-22.0724,loss_of_function,-4.55367498218994,0.9995567898963982,Pathogenic,0.9999,pathogenic,https://doi.org/10.1101/2022.10.22.513328
N109K,3.71429,5.12993,3.251258894263872,Destabilizing,Destabilizing,0.54154,0.3728,Neutral,19.9,,,,mutations_clinvar,,False,19.9,,,,neutral,neutral,neutral,UP,neutral,neutral,neutral,581279,Uncertain significance,1,98.52,-,-0.327,0.0465,-22.0724,loss_of_function,-7.58101851019207,0.9996281820612012,Pathogenic,1.0,pathogenic,https://doi.org/10.1101/2022.10.22.513328
N109S,2.43345,1.58537,3.3616577097029503,Uncertain,Uncertain,0.4086,0.1885,Neutral,19.9,3.18694626809e-05,,0.834,"cBioPortal,COSMIC",,False,19.9,,,,neutral,neutral,neutral,DOWN,neutral,neutral,destabilizing,,,,98.52,-,-0.2259,0.0465,-8.7845,loss_of_function,-7.58101851019207,0.9830329524218698,Pathogenic,0.9982,pathogenic,https://doi.org/10.1101/2022.10.22.513328
N109T,3.46896,1.34218,3.4267294510099777,Uncertain,Destabilizing,0.10484,0.06958,Neutral,19.9,,,0.922,COSMIC,,False,19.9,,,,neutral,neutral,neutral,-,uncertain,uncertain,uncertain,,,,98.52,-,-0.3433,0.0465,-22.0724,loss_of_function,-7.58101851019207,0.9996261098431876,Pathogenic,0.9995,pathogenic,https://doi.org/10.1101/2022.10.22.513328
N109Y,2.40531,3.34796,3.119317167954828,Uncertain,Uncertain,0.18852,0.14364,Neutral,19.9,,,0.973,COSMIC,,False,19.9,,,,neutral,neutral,neutral,UP,neutral,neutral,neutral,,,,98.52,-,-0.3645,0.0465,-22.0724,loss_of_function,-7.58101851019207,0.999636694601374,Pathogenic,0.9998,pathogenic,https://doi.org/10.1101/2022.10.22.513328
E111D,0.6602,0.90544,2.818951378223553,Neutral,Uncertain,-0.06858,0.1374,Neutral,42.4,,,,mutations_clinvar,,False,42.4,,,,neutral,neutral,neutral,DOWN,neutral,neutral,neutral,"864271, 660172","Uncertain significance, Uncertain significance","2, 1",97.47,S,-0.2834,0.0233,-22.0724,loss_of_function,-3.09894611235003,4.94920854649809e-07,Benign,0.9978,pathogenic,https://doi.org/10.1101/2022.10.22.513328
E111K,0.70681,3.36565,2.8299294782381583,Uncertain,Uncertain,0.05894,0.08098,Neutral,42.4,,,0.945,"cBioPortal,mutations_clinvar",,False,42.4,,,,neutral,neutral,neutral,UP,neutral,neutral,neutral,967968,Uncertain significance,1,97.47,S,-0.3397,0.0233,-22.0724,loss_of_function,-7.47630671295002,0.9985061919837024,Pathogenic,0.9997,pathogenic,https://doi.org/10.1101/2022.10.22.513328
N112D,0.92034,1.48741,2.1815795021550346,Neutral,Uncertain,-0.35224,-0.12018,Neutral,37.7,,,,mutations_clinvar,,False,37.7,,,,neutral,neutral,neutral,-,uncertain,uncertain,uncertain,2047695,Uncertain significance,1,97.5,-,-0.3291,0.0233,-22.0724,loss_of_function,-3.92617419806142,0.991531832097285,Pathogenic,0.9997,pathogenic,https://doi.org/10.1101/2022.10.22.513328
Y113H,-0.46949,0.75476,5.975815367919779,Neutral,Uncertain,1.51406,0.4313,Uncertain,105.6,,,,mutations_clinvar,,False,105.6,,,,uncertain,,,DOWN,neutral,neutral,neutral,1722154,Uncertain significance,1,97.99,S,-0.2474,0.4194,-7.7846,loss_of_function,-2.22565984506809,4.239029483278056e-05,Benign,0.9767,pathogenic,https://doi.org/10.1101/2022.10.22.513328
S114A,0.09759,0.57007,4.900302157599785,Neutral,Uncertain,0.29764,-0.31488,Neutral,57.0,,,,mutations_clinvar,,False,57.0,,,,uncertain,,,-,uncertain,uncertain,uncertain,566052,Uncertain significance,2,98.25,S,-0.1549,0.4754,-6.1997,loss_of_function,-1.82400265201518,2.7170467440139893e-09,Benign,0.2678,benign,https://doi.org/10.1101/2022.10.22.513328
S114L,-0.67837,0.3102,4.655481863734467,Neutral,Uncertain,0.75208,0.35118,Neutral,57.0,,,,mutations_clinvar,,False,57.0,,,,uncertain,,,UP,neutral,neutral,neutral,649370,Uncertain significance,1,98.25,S,-0.3133,0.4754,-22.0724,loss_of_function,-6.25985883596895,0.9326835017411764,Pathogenic,0.9502,pathogenic,https://doi.org/10.1101/2022.10.22.513328
S114W,0.89314,0.98571,5.505489443663329,Neutral,Uncertain,0.45096,0.24034,Neutral,57.0,,,0.956,cBioPortal,,False,57.0,,,,uncertain,,,UP,neutral,neutral,neutral,,,,98.25,S,-0.3237,0.4754,-22.0724,loss_of_function,-5.5186031525588,0.9075620483259528,Pathogenic,0.9972,pathogenic,https://doi.org/10.1101/2022.10.22.513328
R118G,1.8288,2.43299,6.320326078287334,Uncertain,Uncertain,0.00348,0.45182,Neutral,50.3,,,,mutations_clinvar,,False,50.3,,,,neutral,neutral,neutral,DOWN,neutral,neutral,neutral,409808,Uncertain significance,1,98.66,E,-0.4384,0.065,-22.0756,loss_of_function,-7.3555047787904,0.9990895696713598,Pathogenic,0.9997,pathogenic,https://doi.org/10.1101/2022.10.22.513328
N119H,0.51849,0.48844,6.602712257239964,Neutral,Uncertain,,,Uncertain,58.7,,,0.963,cBioPortal,,False,58.7,,,,neutral,neutral,neutral,UP,neutral,neutral,neutral,,,,98.55,S,-0.333,0.0001,-22.0756,loss_of_function,-7.45809689274835,0.9517263722913584,Pathogenic,0.9969,pathogenic,https://doi.org/10.1101/2022.10.22.513328
N119I,3.80684,5.3483,6.969571878898975,Destabilizing,Destabilizing,,,Uncertain,58.7,,,,mutations_clinvar,,False,58.7,,,,neutral,neutral,neutral,UP,neutral,neutral,neutral,561239,Uncertain significance,1,98.55,S,-0.3783,0.0001,-22.0756,loss_of_function,-7.45809689274835,0.9995218761201364,Pathogenic,0.9998,pathogenic,https://doi.org/10.1101/2022.10.22.513328
N119Y,0.8149,0.60238,6.994002081493666,Neutral,Uncertain,,,Uncertain,58.7,,,,mutations_clinvar,,False,58.7,,,,neutral,neutral,neutral,UP,neutral,neutral,neutral,949250,Uncertain significance,1,98.55,S,-0.3688,0.0001,-22.0756,loss_of_function,-7.45809689274835,0.999480239848441,Pathogenic,0.9952,pathogenic,https://doi.org/10.1101/2022.10.22.513328
A120G,0.46965,1.36088,3.899417318701073,Neutral,Uncertain,0.0207,0.30219,Neutral,26.1,,,,mutations_clinvar,,False,26.1,,,,neutral,neutral,neutral,DOWN,neutral,neutral,destabilizing,1354221,Uncertain significance,1,98.71,-,-0.2279,0.4085,-8.7878,loss_of_function,-6.27526706208776,0.0007538122739852,Benign,0.7799,pathogenic,https://doi.org/10.1101/2022.10.22.513328
A120S,1.0771,0.60102,4.436495380279087,Neutral,Uncertain,0.00714,0.05803,Neutral,26.1,,,0.780,COSMIC,,False,26.1,,,,neutral,neutral,neutral,-,uncertain,uncertain,uncertain,,,,98.71,-,-0.1814,0.4085,-5.3285,loss_of_function,-2.23604151206749,1.0401490746989063e-07,Benign,0.3741,ambiguous,https://doi.org/10.1101/2022.10.22.513328
A120T,2.53221,0.55748,4.368514178812273,Uncertain,Uncertain,0.00276,0.1646,Neutral,26.1,,,0.901,cBioPortal,,False,26.1,,,,neutral,neutral,neutral,UP,neutral,neutral,neutral,,,,98.71,-,-0.2728,0.4085,-22.0756,loss_of_function,-3.77634693394543,0.0012624124902761,Benign,0.9727,pathogenic,https://doi.org/10.1101/2022.10.22.513328
A120V,1.14336,0.41769,3.8183996844428254,Neutral,Uncertain,0.00674,-0.15164,Neutral,26.1,,,0.938,"cBioPortal,mutations_clinvar",,False,26.1,,,,neutral,neutral,neutral,UP,neutral,neutral,neutral,1415388,Uncertain significance,1,98.71,-,-0.2021,0.4085,-8.7878,loss_of_function,-5.5861588964567,0.9517348979070996,Pathogenic,0.9903,pathogenic,https://doi.org/10.1101/2022.10.22.513328
T121A,0.14394,0.57721,2.918163860564788,Neutral,Uncertain,0.0,0.03193,Neutral,54.6,,,,mutations_clinvar,,False,54.6,,,,uncertain,,,DOWN,neutral,neutral,neutral,1364020,Uncertain significance,1,98.79,E,-0.2278,1.0236,-22.0756,loss_of_function,-3.68475553529354,0.0082984956464356,Benign,0.6924,pathogenic,https://doi.org/10.1101/2022.10.22.513328
T121I,-0.94911,-0.25,3.1256593313595453,Neutral,Uncertain,0.00886,0.10694,Neutral,54.6,,,,mutations_clinvar,,False,54.6,,,,uncertain,,,UP,neutral,neutral,neutral,1022052,Uncertain significance,1,98.79,E,-0.2537,1.0236,-22.0756,loss_of_function,-4.07126345713948,1.011275182763907e-06,Benign,0.9698,pathogenic,https://doi.org/10.1101/2022.10.22.513328
T121S,0.2589,0.6449,2.5325274752986497,Neutral,Uncertain,0.0007,-0.01205,Neutral,54.6,,,,mutations_clinvar,,False,54.6,,,,neutral,,,DOWN,neutral,neutral,neutral,1718521,Uncertain significance,1,98.79,E,-0.0829,1.0236,-0.7936,loss_of_function,-0.855578998819358,3.716958409198224e-18,Benign,0.4469,ambiguous,https://doi.org/10.1101/2022.10.22.513328
A122T,1.9937,0.2568,6.147183051225713,Neutral,Uncertain,,,,13.0,,,,mutations_clinvar,,False,13.0,,,,neutral,neutral,neutral,UP,neutral,neutral,neutral,532652,Uncertain significance,1,98.78,E,-0.2759,0.3749,-22.0756,loss_of_function,-2.563520444361,4.0374609109775953e-08,Benign,0.8732,pathogenic,https://doi.org/10.1101/2022.10.22.513328
A123D,0.37361,1.31803,7.606156733160724,Neutral,Uncertain,,,Uncertain,54.7,,,,mutations_clinvar,,False,54.7,,,,neutral,neutral,neutral,UP,neutral,neutral,neutral,1713291,Uncertain significance,1,98.63,E,-0.3152,1.1554,-22.0756,loss_of_function,-3.95750201979934,4.472455728211335e-05,Benign,0.9871,pathogenic,https://doi.org/10.1101/2022.10.22.513328
M124I,1.26898,1.18095,2.733637114220169,Neutral,Uncertain,,,,0.0,,,,mutations_clinvar,,False,0.0,,,,neutral,neutral,neutral,-,uncertain,uncertain,uncertain,2096033,Uncertain significance,1,98.54,E,-0.1541,0.7345,-3.1732,loss_of_function,-0.524578942168345,1.242547521220113e-08,Benign,0.7659,pathogenic,https://doi.org/10.1101/2022.10.22.513328
M124L,1.08227,3.18912,2.2720511704069404,Uncertain,Uncertain,,,,0.0,,,,mutations_clinvar,,False,0.0,,,,neutral,neutral,neutral,-,uncertain,uncertain,uncertain,2099170,Uncertain significance,1,98.54,E,-0.1328,0.7345,-5.466,loss_of_function,-0.728584130739767,2.8172962540721573e-05,Benign,0.6137,pathogenic,https://doi.org/10.1101/2022.10.22.513328
M124V,1.84153,1.05204,2.621059035250156,Neutral,Uncertain,,,,0.0,,,,mutations_clinvar,,False,0.0,,,,neutral,neutral,neutral,DOWN,neutral,neutral,neutral,1437357,Uncertain significance,1,98.54,E,-0.2067,0.7345,-7.2029,loss_of_function,-1.80839590547885,7.267463886197738e-06,Benign,0.3449,ambiguous,https://doi.org/10.1101/2022.10.22.513328
K125R,0.1956,0.67687,2.4548840340740865,Neutral,Uncertain,,,Uncertain,78.8,,,,mutations_clinvar,,False,78.8,,,,neutral,neutral,neutral,-,uncertain,uncertain,uncertain,1374525,Uncertain significance,1,98.2,E,-0.2531,0.0232,-22.0756,loss_of_function,-3.11130678519033,0.0001082422016681,Benign,0.3193,benign,https://doi.org/10.1101/2022.10.22.513328
Q127R,0.84671,0.29932,6.117524259752001,Neutral,Uncertain,,,,19.6,,,,mutations_clinvar,,False,19.6,,,,neutral,neutral,neutral,UP,neutral,neutral,neutral,1489490,Uncertain significance,1,96.57,T,-0.2246,0.273,-6.2029,loss_of_function,-4.20707109020962,8.515131364196861e-07,Benign,0.6731,pathogenic,https://doi.org/10.1101/2022.10.22.513328
V128A,1.47909,1.66327,3.3824762679718576,Neutral,Uncertain,,,Uncertain,36.3,,,,mutations_clinvar,,False,36.3,,,,neutral,neutral,neutral,DOWN,neutral,neutral,neutral,1491218,Uncertain significance,1,97.37,E,-0.3399,0.1112,-22.0756,loss_of_function,-1.99297411119333,0.0157111633784976,Benign,0.9883,pathogenic,https://doi.org/10.1101/2022.10.22.513328
V128I,0.14261,0.06633,3.845700054918582,Neutral,Uncertain,,,Uncertain,36.3,,,,mutations_clinvar,,False,36.3,,,,neutral,neutral,neutral,UP,neutral,neutral,neutral,1025603,Uncertain significance,1,97.37,E,-0.2025,0.1112,-7.7878,loss_of_function,-1.013025808577,1.405169336054603e-06,Benign,0.4706,ambiguous,https://doi.org/10.1101/2022.10.22.513328
V128L,0.40551,0.40612,3.348888721651313,Neutral,Uncertain,,,Uncertain,36.3,,,,mutations_clinvar,,False,36.3,,,,neutral,neutral,neutral,UP,neutral,neutral,neutral,1401789,Uncertain significance,1,97.37,E,-0.3405,0.1112,-22.0756,loss_of_function,-4.17196423178733,0.4487002169879568,Uncertain,0.9907,pathogenic,https://doi.org/10.1101/2022.10.22.513328
A129E,12.69784,7.89524,3.438124844423545,Destabilizing,Destabilizing,,,,0.0,,,,mutations_clinvar,,False,0.0,,,,neutral,neutral,neutral,UP,neutral,neutral,neutral,14471,Likely pathogenic,3,98.47,E,-0.4012,0.0648,-22.0789,loss_of_function,-7.58128101193024,0.999691344727756,Pathogenic,0.9999,pathogenic,https://doi.org/10.1101/2022.10.22.513328
A129T,3.62192,1.53061,4.036049218195619,Uncertain,Destabilizing,,,,0.0,,,,mutations_clinvar,,False,0.0,,,,neutral,neutral,neutral,UP,neutral,neutral,neutral,2091067,Uncertain significance,1,98.47,E,-0.3045,0.0648,-22.0789,loss_of_function,-4.55367498218994,0.9996543761212616,Pathogenic,0.9986,pathogenic,https://doi.org/10.1101/2022.10.22.513328
F131C,4.05091,4.0983,5.872060128728432,Destabilizing,Destabilizing,,,,0.0,,,0.988,cBioPortal,,False,0.0,,,,neutral,neutral,neutral,DOWN,neutral,neutral,neutral,,,,98.65,-,-0.4145,0.0232,-22.0789,loss_of_function,-7.58154333238265,0.9997073847596578,Pathogenic,0.9998,pathogenic,https://doi.org/10.1101/2022.10.22.513328
N132D,-0.1494,-0.83639,4.684336045096403,Neutral,Uncertain,,,Uncertain,105.2,,,,mutations_clinvar,,False,105.2,,,,neutral,neutral,neutral,-,uncertain,uncertain,uncertain,956982,Uncertain significance,2,97.88,S,-0.327,0.0463,-22.0789,loss_of_function,-4.52730049566715,0.99864968476598,Pathogenic,0.9989,pathogenic,https://doi.org/10.1101/2022.10.22.513328
D133G,1.37357,1.35612,6.081623130839035,Neutral,Uncertain,,,Uncertain,35.1,,,,mutations_clinvar,,False,35.1,,,,neutral,neutral,neutral,DOWN,neutral,neutral,neutral,1524897,Uncertain significance,1,98.3,S,-0.3548,0.0463,-22.0789,loss_of_function,-7.58128101193024,0.9996520338328948,Pathogenic,1.0,pathogenic,https://doi.org/10.1101/2022.10.22.513328
L134P,1.724,4.91667,4.454060479885409,Uncertain,Uncertain,,,,0.0,,,,mutations_clinvar,,False,0.0,,,,neutral,neutral,neutral,DOWN,neutral,neutral,neutral,1012104,Uncertain significance,1,98.75,-,-0.4982,0.0418,-22.0789,loss_of_function,-7.56119098586544,0.9992312296187346,Pathogenic,1.0,pathogenic,https://doi.org/10.1101/2022.10.22.513328
R135G,1.89061,3.26667,1.18741799738656,Uncertain,Neutral,,,Uncertain,28.0,,,,mutations_clinvar,,False,28.0,,,,neutral,neutral,neutral,DOWN,neutral,neutral,destabilizing,376022,Likely pathogenic,3,98.75,E,-0.3724,0.0463,-8.791,loss_of_function,-6.7503259464277,0.999602842511404,Pathogenic,0.9999,pathogenic,https://doi.org/10.1101/2022.10.22.513328
R135K,-0.10191,0.83741,1.2657634383120246,Neutral,Neutral,,,Uncertain,28.0,,,,mutations_clinvar,,False,28.0,,,,neutral,neutral,neutral,-,uncertain,uncertain,uncertain,376021,Likely pathogenic,3,98.75,E,-0.295,0.0463,-22.0789,loss_of_function,-4.55367498218994,0.999613352777113,Pathogenic,0.9995,pathogenic,https://doi.org/10.1101/2022.10.22.513328
R135S,1.82674,2.37143,0.9408614257992334,Uncertain,Neutral,,,Uncertain,28.0,,,,mutations_clinvar,,False,28.0,,,,neutral,neutral,neutral,DOWN,neutral,neutral,destabilizing,"376020, 376019","Likely pathogenic, Likely pathogenic","3, 3",98.75,E,-0.4053,0.0463,-22.0789,loss_of_function,-7.58128101193024,0.9996511725896944,Pathogenic,1.0,pathogenic,https://doi.org/10.1101/2022.10.22.513328
F136C,5.05358,5.02721,4.861626244110508,Destabilizing,Destabilizing,-0.03038,0.04492,Neutral,0.7,,,,mutations_clinvar,,False,0.7,,,,neutral,neutral,neutral,DOWN,neutral,neutral,neutral,575111,Uncertain significance,3,98.85,E,-0.4102,0.0694,-22.0789,loss_of_function,-7.58101851019207,0.999675609791979,Pathogenic,1.0,pathogenic,https://doi.org/10.1101/2022.10.22.513328
F136L,3.57557,2.62925,4.768464826111359,Uncertain,Destabilizing,-0.02624,-0.10312,Neutral,0.7,,,,mutations_clinvar,,False,0.7,,,,neutral,neutral,neutral,DOWN,neutral,neutral,neutral,1695375,Uncertain significance,3,98.85,E,-0.3481,0.0694,-22.0789,loss_of_function,-4.00639081742388,0.9995993065437504,Pathogenic,1.0,pathogenic,https://doi.org/10.1101/2022.10.22.513328
V137F,1.05179,1.93605,1.4691726341623774,Neutral,Neutral,0.01672,-0.11451,Neutral,25.6,,,,mutations_clinvar,,False,25.6,,,,neutral,neutral,neutral,UP,neutral,neutral,neutral,1437603,Uncertain significance,1,98.74,-,-0.4123,0.1635,-22.0756,loss_of_function,-7.42189205169033,0.9948593581157692,Pathogenic,0.9993,pathogenic,https://doi.org/10.1101/2022.10.22.513328
V137I,-0.51087,0.76803,2.156441300979297,Neutral,Uncertain,0.00326,0.12857,Neutral,25.6,,,,mutations_clinvar,,False,25.6,,,,neutral,neutral,neutral,UP,neutral,neutral,neutral,2166136,Uncertain significance,1,98.74,-,-0.1947,0.1635,-7.2029,loss_of_function,-3.29515238647092,1.0452284357738014e-07,Benign,0.862,pathogenic,https://doi.org/10.1101/2022.10.22.513328
G138C,2.79474,1.04796,6.533022260939869,Uncertain,Uncertain,0.22644,0.01708,Neutral,39.6,,,0.959,cBioPortal,,False,39.6,,,,neutral,neutral,neutral,UP,neutral,neutral,neutral,,,,98.23,S,-0.4383,0.0466,-22.0691,loss_of_function,-7.58128101193024,0.9996735727206884,Pathogenic,0.9999,pathogenic,https://doi.org/10.1101/2022.10.22.513328
G138S,2.50072,-0.65272,6.530080355287599,Uncertain,Uncertain,0.22216,-0.14012,Neutral,39.6,,,,mutations_clinvar,,False,39.6,,,,neutral,neutral,neutral,UP,neutral,neutral,neutral,1040026,Uncertain significance,1,98.23,S,-0.3844,0.0466,-22.0691,loss_of_function,-7.58128101193024,0.9994702666037408,Pathogenic,0.9991,pathogenic,https://doi.org/10.1101/2022.10.22.513328
R139Q,0.18984,-0.29014,4.95028390797454,Neutral,Uncertain,-0.0879,-0.02863,Neutral,60.1,,,0.962,"cBioPortal,mutations_clinvar",,False,60.1,,,,neutral,neutral,neutral,DOWN,neutral,neutral,neutral,417961,Pathogenic,3,98.61,-,-0.3794,0.0466,-22.0691,loss_of_function,-7.58075582691743,0.999038635356728,Pathogenic,0.9995,pathogenic,https://doi.org/10.1101/2022.10.22.513328
S140G,-0.20688,,4.8954951317809385,,Uncertain,0.0,,,0.0,,,,mutations_clinvar,,False,0.0,,,,uncertain,,,DOWN,neutral,neutral,neutral,2443682,Uncertain significance,1,98.74,-,-0.2845,0.0466,-22.0691,loss_of_function,-7.58154333238265,0.9996827267912458,Pathogenic,0.9958,pathogenic,https://doi.org/10.1101/2022.10.22.513328
S140T,5.60395,-0.13367,5.207310968896744,Uncertain,Destabilizing,0.11106,0.05456,Neutral,0.0,,,,mutations_clinvar,,False,0.0,,,,neutral,,,UP,neutral,neutral,neutral,1351602,Uncertain significance,1,98.74,-,-0.1982,0.0466,-8.7812,loss_of_function,-3.98600494175129,0.999718813532936,Pathogenic,0.9897,pathogenic,https://doi.org/10.1101/2022.10.22.513328
G141E,8.49295,6.02585,6.980759916721628,Destabilizing,Destabilizing,,,Uncertain,25.6,,,0.947,cBioPortal,,False,25.6,,,,neutral,neutral,neutral,UP,neutral,neutral,neutral,,,,98.04,-,-0.4381,0.0466,-22.0691,loss_of_function,-7.58128101193024,0.9996522916295906,Pathogenic,1.0,pathogenic,https://doi.org/10.1101/2022.10.22.513328
G141R,9.94794,5.9449,7.094221730119756,Destabilizing,Destabilizing,,,Uncertain,25.6,,,,mutations_clinvar,,False,25.6,,,,neutral,neutral,neutral,UP,neutral,neutral,neutral,561243,Uncertain significance,3,98.04,-,-0.4551,0.0466,-22.0691,loss_of_function,-7.58128101193024,0.9995679961781052,Pathogenic,1.0,pathogenic,https://doi.org/10.1101/2022.10.22.513328
G141V,7.75362,6.40578,6.952323559433687,Destabilizing,Destabilizing,,,Uncertain,25.6,,,,mutations_clinvar,,False,25.6,,,,neutral,neutral,neutral,UP,neutral,neutral,neutral,973890,Uncertain significance,1,98.04,-,-0.4653,0.0466,-22.0691,loss_of_function,-7.58128101193024,0.9997039476878598,Pathogenic,0.9999,pathogenic,https://doi.org/10.1101/2022.10.22.513328
R142G,0.05495,1.30102,3.552624416820167,Neutral,Uncertain,,,Uncertain,106.6,,,,mutations_clinvar,,True,106.6,,,,neutral,neutral,neutral,DOWN,neutral,neutral,neutral,1684391,Uncertain significance,0,97.34,S,-0.438,0.0695,-22.0756,loss_of_function,-7.61761010731116,0.999713171529528,Pathogenic,0.9994,pathogenic,https://doi.org/10.1101/2022.10.22.513328
R142I,0.25227,1.69966,3.752685207354805,Neutral,Uncertain,,,Uncertain,106.6,,,,mutations_clinvar,,True,106.6,,,,neutral,neutral,neutral,DOWN,neutral,neutral,neutral,869207,Likely pathogenic,3,97.34,S,-0.4321,0.0695,-22.0756,loss_of_function,-7.61761010731116,0.9996514312338656,Pathogenic,1.0,pathogenic,https://doi.org/10.1101/2022.10.22.513328
G143R,3.52259,1.31122,5.689527278500182,Uncertain,Destabilizing,,,Uncertain,85.5,,,,mutations_clinvar,,True,85.5,,,,neutral,neutral,neutral,UP,neutral,neutral,destabilizing,1338528,Likely pathogenic,1,97.3,S,-0.3805,0.1203,-8.7943,loss_of_function,-7.43044748822112,0.9992939419124284,Pathogenic,1.0,pathogenic,https://doi.org/10.1101/2022.10.22.513328
K144I,0.20815,1.03776,5.651529554865555,Neutral,Uncertain,,,Uncertain,48.0,,,,mutations_clinvar,,True,48.0,,,,neutral,neutral,neutral,-,uncertain,uncertain,uncertain,1684386,Uncertain significance,0,98.48,-,-0.3515,0.0926,-22.0756,loss_of_function,-7.82563330669697,0.99959659439033,Pathogenic,1.0,pathogenic,https://doi.org/10.1101/2022.10.22.513328
F146L,0.44286,0.47551,6.0433266137994535,Neutral,Uncertain,0.03742,0.04839,Neutral,0.0,,,,mutations_clinvar,,True,0.0,,,,neutral,neutral,neutral,DOWN,neutral,neutral,stabilizing,2108059,Uncertain significance,1,98.84,E,-0.2555,0.1961,-6.2029,loss_of_function,-4.31364678664873,3.428329386370308e-07,Benign,0.9999,pathogenic,https://doi.org/10.1101/2022.10.22.513328
F146S,4.86491,4.97993,6.169424833714522,Destabilizing,Destabilizing,0.02914,-0.01875,Neutral,0.0,,,0.980,cBioPortal,,True,0.0,,,,neutral,neutral,neutral,DOWN,neutral,neutral,stabilizing,,,,98.84,E,-0.3416,0.1961,-8.7878,loss_of_function,-7.86223829857564,0.9960239839347352,Pathogenic,1.0,pathogenic,https://doi.org/10.1101/2022.10.22.513328
T147I,-0.40517,0.39116,0.7172153158851488,Neutral,Neutral,0.06126,-0.13834,Neutral,35.0,,,,mutations_clinvar,,True,35.0,,,,uncertain,,,UP,neutral,neutral,neutral,1009408,Uncertain significance,1,98.79,E,-0.2477,0.3521,-8.7878,loss_of_function,-5.58632427652737,0.3722255237595056,Uncertain,0.9942,pathogenic,https://doi.org/10.1101/2022.10.22.513328
L148V,2.55016,0.31973,4.30024882627678,Uncertain,Uncertain,0.04016,-0.11006,Neutral,0.0,,,,mutations_clinvar,,True,0.0,,,,neutral,neutral,neutral,DOWN,neutral,neutral,neutral,1404038,Uncertain significance,1,98.79,E,-0.3161,0.1408,-22.0724,loss_of_function,-3.14505844790693,0.0001778070625807,Benign,0.8711,pathogenic,https://doi.org/10.1101/2022.10.22.513328
T149N,0.0202,0.33061,1.5460451259167003,Neutral,Neutral,0.91682,0.53244,Neutral,39.8,,,,mutations_clinvar,,True,39.8,,,,uncertain,,,-,uncertain,uncertain,uncertain,1512969,Uncertain significance,1,98.77,E,-0.3584,0.2085,-22.0756,loss_of_function,-6.4759865981034,0.8796615571037678,Pathogenic,0.9965,pathogenic,https://doi.org/10.1101/2022.10.22.513328
T151P,2.49076,2.83027,2.582114897951909,Uncertain,Uncertain,0.62168,-0.17525,Neutral,17.8,,,,mutations_clinvar,,True,17.8,,,,uncertain,,,-,uncertain,uncertain,uncertain,561246,Uncertain significance,3,98.73,E,-0.4662,0.2176,-22.0756,loss_of_function,-7.20168216563814,0.9522565297416736,Pathogenic,0.9978,pathogenic,https://doi.org/10.1101/2022.10.22.513328
T151S,0.41553,1.53503,2.9491393906052537,Neutral,Uncertain,0.60742,0.02703,Neutral,17.8,,,,mutations_clinvar,,True,17.8,,,,neutral,,,DOWN,neutral,neutral,neutral,1496240,Uncertain significance,1,98.73,E,-0.1927,0.2176,-7.7878,loss_of_function,-3.13533906036644,0.0002742527518082,Benign,0.9042,pathogenic,https://doi.org/10.1101/2022.10.22.513328
V152I,-1.25895,-0.51905,1.2228329655122172,Neutral,Neutral,-0.04068,0.01502,Neutral,0.3,,,,mutations_clinvar,,True,0.3,,,,neutral,neutral,neutral,UP,neutral,neutral,neutral,1001532,Uncertain significance,1,98.72,E,-0.18,0.2358,-5.618,loss_of_function,-1.87722154883265,1.8327693378282573e-07,Benign,0.1766,benign,https://doi.org/10.1101/2022.10.22.513328
N155K,-0.53267,0.48027,3.4566965754424093,Neutral,Uncertain,0.26988,-0.67039,Neutral,109.9,,,,mutations_clinvar,,False,109.9,,,,neutral,neutral,neutral,UP,neutral,neutral,neutral,1723808,Uncertain significance,1,96.55,S,-0.247,0.9159,-22.0756,loss_of_function,-5.2575603775041,6.89606349623197e-05,Benign,0.9249,pathogenic,https://doi.org/10.1101/2022.10.22.513328
P156A,2.16189,1.93469,3.381930090640906,Uncertain,Uncertain,3.51848,0.2616,Uncertain,86.5,,,0.973,cBioPortal,,False,86.5,,,,neutral,neutral,neutral,DOWN,neutral,neutral,neutral,,,,97.33,S,-0.3129,0.1512,-22.0756,loss_of_function,-7.81071584199467,0.9827136133876893,Pathogenic,0.9931,pathogenic,https://doi.org/10.1101/2022.10.22.513328
P156L,1.757,1.60816,3.359238344306911,Neutral,Uncertain,2.83766,-0.27191,Uncertain,86.5,,,,mutations_clinvar,,False,86.5,,,,neutral,neutral,neutral,UP,neutral,neutral,neutral,2268033,Uncertain significance,1,97.33,S,-0.2858,0.1512,-7.2029,loss_of_function,-3.51375889933157,0.0262857246610824,Benign,0.9953,pathogenic,https://doi.org/10.1101/2022.10.22.513328
Q158L,-0.36353,-0.0068,7.602296562187362,Neutral,Uncertain,-1.4181,-0.25456,Uncertain,38.4,,,0.960,cBioPortal,,False,38.4,,,,neutral,neutral,neutral,UP,neutral,neutral,neutral,,,,98.23,E,-0.306,0.13,-22.0724,loss_of_function,-5.44256329534228,0.0079055680749545,Benign,0.9567,pathogenic,https://doi.org/10.1101/2022.10.22.513328
Q158P,4.60591,3.84354,7.573834866823463,Destabilizing,Destabilizing,1.17962,1.14285,Destabilizing,38.4,,,,mutations_clinvar,,False,38.4,,,,neutral,neutral,neutral,DOWN,neutral,neutral,neutral,561247,Uncertain significance,1,98.23,E,-0.4607,0.13,-22.0724,loss_of_function,-7.46499418799777,0.9950816349401496,Pathogenic,0.9994,pathogenic,https://doi.org/10.1101/2022.10.22.513328
V159A,1.08048,0.86463,4.417246956611985,Neutral,Uncertain,2.387,0.63156,Uncertain,55.4,,,,mutations_clinvar,,False,55.4,,,,neutral,neutral,neutral,DOWN,neutral,neutral,neutral,2126813,Uncertain significance,1,98.56,E,-0.3329,0.1874,-22.0691,loss_of_function,-6.64993114655986,0.9893403102338874,Pathogenic,0.9977,pathogenic,https://doi.org/10.1101/2022.10.22.513328
V159D,1.54689,0.7932,4.833627160782377,Neutral,Uncertain,3.26538,0.80338,Uncertain,55.4,,,,mutations_clinvar,,False,55.4,,,,neutral,neutral,neutral,DOWN,neutral,neutral,neutral,212089,Uncertain significance,3,98.56,E,-0.4317,0.1874,-8.7812,loss_of_function,-6.79280083205285,0.7176436101774122,Pathogenic,0.9999,pathogenic,https://doi.org/10.1101/2022.10.22.513328
V159G,1.78793,1.65306,4.534743529244229,Neutral,Uncertain,3.65178,0.6329,Uncertain,55.4,,,,mutations_clinvar,,False,55.4,,,,neutral,neutral,neutral,DOWN,neutral,neutral,neutral,2116304,Uncertain significance,1,98.56,E,-0.4587,0.1874,-22.0691,loss_of_function,-7.03703817259496,0.9862740413031408,Pathogenic,0.9961,pathogenic,https://doi.org/10.1101/2022.10.22.513328
V159I,-0.4292,0.18367,4.626086877105255,Neutral,Uncertain,-0.23142,-0.4685,Neutral,55.4,,,0.619,cBioPortal,,False,55.4,,,,neutral,neutral,neutral,UP,neutral,neutral,neutral,,,,98.56,E,-0.1863,0.1874,-5.974,loss_of_function,-2.50124313394318,1.2402907638504368e-08,Benign,0.5315,ambiguous,https://doi.org/10.1101/2022.10.22.513328
A160S,1.15067,1.35204,4.389022485986054,Neutral,Uncertain,0.0374,-0.08835,Neutral,0.4,,,,mutations_clinvar,,False,0.4,,,,neutral,neutral,neutral,-,uncertain,uncertain,uncertain,840423,Uncertain significance,1,98.56,E,-0.2851,0.2106,-22.0691,loss_of_function,-4.37576708219073,0.9953572458259322,Pathogenic,0.9097,pathogenic,https://doi.org/10.1101/2022.10.22.513328
A160T,4.04753,0.80136,4.46844960120013,Uncertain,Destabilizing,0.0993,0.49616,Neutral,0.4,,3.9762696229e-06,0.960,"cBioPortal,mutations_clinvar",,False,0.4,,,,neutral,neutral,neutral,UP,neutral,neutral,neutral,1014459,Uncertain significance,1,98.56,E,-0.2089,0.2106,-5.974,loss_of_function,-2.85078842294841,9.6111252110804e-06,Benign,0.9634,pathogenic,https://doi.org/10.1101/2022.10.22.513328
T161S,1.19592,1.05782,6.508598935581809,Neutral,Uncertain,1.30014,0.28431,Uncertain,19.8,,,,mutations_clinvar,,False,19.8,,,,neutral,,,DOWN,neutral,neutral,neutral,532659,Uncertain significance,3,98.65,E,-0.194,0.1707,-7.1931,loss_of_function,-3.21373471641286,0.001357646660303,Benign,0.9261,pathogenic,https://doi.org/10.1101/2022.10.22.513328
A165T,0.31435,2.32755,4.1701695999792365,Uncertain,Uncertain,,,,3.3,,,0.954,cBioPortal,,False,3.3,,,,neutral,neutral,neutral,UP,neutral,neutral,neutral,,,,98.43,E,-0.3061,0.0466,-22.0658,loss_of_function,-4.72007401534284,0.9992469738293696,Pathogenic,0.999,pathogenic,https://doi.org/10.1101/2022.10.22.513328
I166M,0.27247,2.56531,2.017088091828655,Uncertain,Uncertain,,,,0.0,,,0.880,cBioPortal,,False,0.0,,,,neutral,neutral,neutral,-,uncertain,uncertain,uncertain,,,,98.75,E,-0.2382,0.1118,-8.7779,loss_of_function,-3.86071185491486,0.0076357968082423,Benign,0.9912,pathogenic,https://doi.org/10.1101/2022.10.22.513328
I166N,3.63157,4.25068,2.649145160270772,Destabilizing,Uncertain,,,,0.0,,,,mutations_clinvar,,False,0.0,,,,neutral,neutral,neutral,DOWN,neutral,neutral,neutral,627100,Likely pathogenic,1,98.75,E,-0.4522,0.1118,-22.0658,loss_of_function,-7.86837591890502,0.9983491870665486,Pathogenic,1.0,pathogenic,https://doi.org/10.1101/2022.10.22.513328
I166V,1.71249,0.97075,2.71775064015756,Neutral,Uncertain,,,,0.0,,,,mutations_clinvar,,False,0.0,,,,neutral,neutral,neutral,DOWN,neutral,neutral,neutral,581130,Uncertain significance,1,98.75,E,-0.1926,0.1118,-8.7779,loss_of_function,-4.72295123205441,0.9991150590025836,Pathogenic,0.9318,pathogenic,https://doi.org/10.1101/2022.10.22.513328
K167N,1.29056,0.40136,4.437632845233983,Neutral,Uncertain,,,Uncertain,31.8,,,,mutations_clinvar,,False,31.8,,,,neutral,neutral,neutral,DOWN,neutral,neutral,neutral,561250,Uncertain significance,1,98.79,E,-0.3317,0.0886,-22.0658,loss_of_function,-7.29628449561104,0.999398797704149,Pathogenic,1.0,pathogenic,https://doi.org/10.1101/2022.10.22.513328
K167T,-0.09,0.07279,4.810620853402117,Neutral,Uncertain,,,Uncertain,31.8,,,,mutations_clinvar,,False,31.8,,,,neutral,neutral,neutral,DOWN,neutral,neutral,neutral,1466051,Uncertain significance,1,98.79,E,-0.3355,0.0886,-22.0658,loss_of_function,-7.84054366178671,0.9994896442900898,Pathogenic,0.9992,pathogenic,https://doi.org/10.1101/2022.10.22.513328
T169A,2.14923,1.69116,4.232728435069353,Uncertain,Uncertain,,,Uncertain,28.4,,,,mutations_clinvar,,False,28.4,,,,uncertain,,,DOWN,neutral,neutral,neutral,988811,Likely pathogenic,3,98.45,E,-0.3176,0.0466,-22.0691,loss_of_function,-4.72007401534284,0.9988739013756234,Pathogenic,0.9998,pathogenic,https://doi.org/10.1101/2022.10.22.513328
V170A,-0.5032,-0.29048,4.058208489636447,Neutral,Uncertain,,,Uncertain,66.5,,,,mutations_clinvar,,False,66.5,,,,neutral,neutral,neutral,DOWN,neutral,neutral,neutral,1721570,Uncertain significance,1,98.19,S,-0.3437,0.0699,-22.0658,loss_of_function,-7.86358251292335,0.9994592665412794,Pathogenic,0.9998,pathogenic,https://doi.org/10.1101/2022.10.22.513328
D171A,0.62709,1.33878,3.600468146257456,Neutral,Uncertain,,,Uncertain,53.2,,,,mutations_clinvar,,False,53.2,,,,neutral,neutral,neutral,DOWN,neutral,neutral,stabilizing,561251,Likely pathogenic,1,97.15,S,-0.3435,0.0466,-22.0658,loss_of_function,-7.86331403694977,0.9993600488509922,Pathogenic,1.0,pathogenic,https://doi.org/10.1101/2022.10.22.513328
D171V,0.58777,0.70306,3.3605288912087383,Neutral,Uncertain,,,Uncertain,53.2,,,,mutations_clinvar,,False,53.2,,,,neutral,neutral,neutral,UP,neutral,neutral,mixed_effects,627342,Likely pathogenic,3,97.15,S,-0.3906,0.0466,-22.0658,loss_of_function,-7.86331403694977,0.999431545507998,Pathogenic,1.0,pathogenic,https://doi.org/10.1101/2022.10.22.513328
G172A,8.19505,7.32823,3.598483061721317,Destabilizing,Destabilizing,,,,0.0,,,,mutations_clinvar,,False,0.0,,,,neutral,neutral,neutral,UP,neutral,neutral,stabilizing,2029256,Uncertain significance,1,97.4,-,-0.3017,0.0886,-7.778,loss_of_function,-7.86824162198877,0.9811663368751145,Pathogenic,0.9997,pathogenic,https://doi.org/10.1101/2022.10.22.513328
G172E,13.21392,9.56088,3.4554290260240395,Destabilizing,Destabilizing,,,,0.0,,,,mutations_clinvar,,False,0.0,,,,neutral,neutral,neutral,UP,neutral,neutral,stabilizing,869210,Likely pathogenic,3,97.4,-,-0.4342,0.0886,-22.0658,loss_of_function,-7.86824162198877,0.9994022948643102,Pathogenic,1.0,pathogenic,https://doi.org/10.1101/2022.10.22.513328
G172R,13.55506,10.84286,3.762958030220392,Destabilizing,Destabilizing,,,,0.0,,,,mutations_clinvar,,False,0.0,,,,neutral,neutral,neutral,UP,neutral,neutral,stabilizing,627343,Uncertain significance,1,97.4,-,-0.4512,0.0886,-22.0658,loss_of_function,-7.86824162198877,0.9994356233027614,Pathogenic,1.0,pathogenic,https://doi.org/10.1101/2022.10.22.513328
P173H,2.13778,2.02075,6.603272706910377,Uncertain,Uncertain,,,Uncertain,49.8,,,,mutations_clinvar,,False,49.8,,,,neutral,neutral,neutral,UP,neutral,neutral,destabilizing,1004688,Uncertain significance,1,97.49,S,-0.3634,0.0234,-22.0658,loss_of_function,-7.82070651716479,0.999058044754598,Pathogenic,0.9999,pathogenic,https://doi.org/10.1101/2022.10.22.513328
P173S,2.07831,1.93571,5.881352269971042,Uncertain,Uncertain,,,Uncertain,49.8,,,,mutations_clinvar,,False,49.8,,,,neutral,neutral,neutral,DOWN,neutral,neutral,stabilizing,1684411,Uncertain significance,0,97.49,S,-0.3243,0.0234,-22.0658,loss_of_function,-7.82070651716479,0.999164119082524,Pathogenic,0.9998,pathogenic,https://doi.org/10.1101/2022.10.22.513328
R174G,0.85692,0.98299,2.093766970936346,Neutral,Uncertain,,,Uncertain,62.6,,,0.936,cBioPortal,,False,62.6,,,,neutral,neutral,neutral,DOWN,neutral,neutral,stabilizing,,,,96.06,-,-0.4379,0.0699,-22.0658,loss_of_function,-7.85678884966973,0.9997068209060238,Pathogenic,0.9996,pathogenic,https://doi.org/10.1101/2022.10.22.513328
R174Q,0.14018,0.84558,2.3352026994589385,Neutral,Uncertain,,,Uncertain,62.6,,,0.940,"cBioPortal,mutations_clinvar",,False,62.6,,,,neutral,neutral,neutral,DOWN,neutral,neutral,stabilizing,14464,Pathogenic,3,96.06,-,-0.3095,0.0699,-8.7779,loss_of_function,-6.83665934484075,0.9996758088770816,Pathogenic,0.9998,pathogenic,https://doi.org/10.1101/2022.10.22.513328
R177G,0.14591,0.27177,3.620466858221256,Neutral,Uncertain,,,Uncertain,86.9,,,,mutations_clinvar,,True,86.9,,,,neutral,neutral,neutral,DOWN,neutral,neutral,stabilizing,2177591,Uncertain significance,1,91.39,-,-0.4379,0.07,-22.0625,loss_of_function,-7.80925703695538,0.99927994020086,Pathogenic,0.9991,pathogenic,https://doi.org/10.1101/2022.10.22.513328
R177Q,-0.24102,-0.37551,3.578270938573506,Neutral,Uncertain,,,Uncertain,86.9,,,0.958,"cBioPortal,mutations_clinvar",,True,86.9,,,,neutral,neutral,neutral,DOWN,neutral,neutral,stabilizing,561253,Pathogenic,3,91.39,-,-0.3772,0.07,-22.0625,loss_of_function,-7.80925703695538,0.9992065585255115,Pathogenic,0.9993,pathogenic,https://doi.org/10.1101/2022.10.22.513328
H179R,-0.00852,0.82959,3.572996367576924,Neutral,Uncertain,,,Uncertain,97.5,,,,mutations_clinvar,,True,97.5,,,,neutral,neutral,neutral,UP,neutral,neutral,destabilizing,1016458,Uncertain significance,1,78.4,-,-0.1413,1.2791,-7.651,loss_of_function,-3.39245208292041,0.4120482872980401,Uncertain,0.9812,pathogenic,https://doi.org/10.1101/2022.10.22.513328
R180G,0.18138,0.42755,2.3623024204595087,Neutral,Uncertain,,,Uncertain,103.2,,,,mutations_clinvar,,True,103.2,,,,neutral,neutral,neutral,DOWN,neutral,neutral,stabilizing,2435493,Uncertain significance,1,73.15,-,-0.2963,0.8639,-8.6329,loss_of_function,-3.55476530630546,2.721403563951817e-05,Benign,0.9822,pathogenic,https://doi.org/10.1101/2022.10.22.513328
R180Q,0.2698,-0.75646,2.562401907353225,Neutral,Uncertain,,,Uncertain,103.2,,,,mutations_clinvar,,True,103.2,,,,neutral,neutral,neutral,DOWN,neutral,neutral,stabilizing,843240,Uncertain significance,2,73.15,-,-0.2213,0.8639,-5.8256,loss_of_function,-1.19490682225668,2.277313542337412e-06,Benign,0.9204,pathogenic,https://doi.org/10.1101/2022.10.22.513328
R180W,0.16826,-0.08469,2.8798305930594945,Neutral,Uncertain,,,Uncertain,103.2,,,,mutations_clinvar,,True,103.2,,,,neutral,neutral,neutral,UP,neutral,neutral,destabilizing,436615,Uncertain significance,1,73.15,-,-0.2685,0.8639,-6.633,loss_of_function,-5.56116587264576,0.4527926812274143,Uncertain,0.9811,pathogenic,https://doi.org/10.1101/2022.10.22.513328
Q181L,0.13258,0.49184,4.867497380556671,Neutral,Uncertain,,,Uncertain,107.6,,,,mutations_clinvar,,False,107.6,,,,neutral,neutral,neutral,UP,neutral,neutral,neutral,463999,Uncertain significance,1,70.31,-,-0.1466,1.1174,-8.6365,loss_of_function,-2.87485133139704,4.711611614062991e-07,Benign,0.1722,benign,https://doi.org/10.1101/2022.10.22.513328
Q181R,0.11746,-0.10238,4.811514775671566,Neutral,Uncertain,,,Uncertain,107.6,,,,mutations_clinvar,,False,107.6,,,,neutral,neutral,neutral,UP,neutral,neutral,neutral,1496920,Uncertain significance,1,70.31,-,-0.1491,1.1174,-6.6366,loss_of_function,-2.70522822097472,1.8940288389214745e-08,Benign,0.6444,pathogenic,https://doi.org/10.1101/2022.10.22.513328
